{
  "data_min": [
    -0.8427000045776367,
    0.0
  ],
  "data_max": [
    54.02898025512695,
    100.0
  ],
  "feature_range": [
    0.0,
    1.0
  ]
}